athleteID,name,birthdate,gender,countryCode
4979790,Steven INSIXIENGMAY,2004-01-21,M,LAO
4978246,Isabella MILLAR,2007-11-08,F,SOL
4969017,Phone Pyae HAN,2008-10-09,M,MYA
4968593,Evgenii SOMOV,1999-01-28,M,AIN
4849459,Azzahra PERMATAHANI,2002-01-07,F,INA
4847700,Matthieu SEYE,2002-01-27,M,SEN
4846905,Khema ELIZABETH,2005-01-27,F,SEY
4846399,Tobi SIJUADE,2002-02-23,M,NGR
4685648,Hadji HASSANE,1997-11-13,M,COM
4683606,Nika SHARAFUTDINOVA,2005-06-14,F,UKR
4682686,Noelie Annette LACOUR,2006-12-01,F,GAB
4682465,Djenabou Jolie BAH,2009-10-03,F,GUI
4682462,Elhadj N'gnane DIALLO,2003-06-15,M,GUI
4678919,Mayah CHOULOUTE,2009-11-18,F,HAI
4678565,Lidwine UMUHOZA UWASE,1999-06-13,F,RWA
4676165,Antsa RABEJAONA,2002-06-05,F,MAD
4675589,Jamila BOULAKBECH,2006-12-19,F,TUN
4675455,Yousef ABUBAKER,2006-07-19,M,LBA
4674643,Jose TATI,2007-08-30,M,CPV
4674385,Gabriel CASTANO GARCIA,1997-11-01,M,MEX
4670929,Apsara SAKBUN,2001-02-21,F,CAM
4665280,Divine MIANSADI,2004-09-04,F,COD
4658294,Chadd NG CHIU HING NING,2006-06-29,M,SWZ
4654577,Jion HOSEI,2007-05-19,M,PLW
4654306,KIM Woomin,2001-08-24,M,KOR
4352676,Kaelyn Ciara Suryanti DJOPARTO,2006-06-01,F,SUR
4323582,Adell SABOVIC,2002-08-25,M,KOS
4119083,Anastasiya ZELINSKAYA,2004-04-21,F,UZB
4031141,Regan RATHWELL,2004-02-11,F,CAN
3560626,Maha ALSHEHHI,2006-07-12,F,UAE
3549769,Mohamed Aan HUSSAIN,2004-07-11,M,MDV
3518182,Rouxin TAN,2006-07-06,F,MAS
2475949,Muhammad Ahmed DURRANI,2006-01-03,M,PAK
2280513,Jere HRIBAR,2004-01-19,M,CRO
2013979,Max LITCHFIELD,1995-03-04,M,GBR
2013977,Angharad EVANS,2003-04-25,F,GBR
2001756,Honey OSRIN,2003-02-24,F,GBR
1998595,Jonny MARSHALL,2004-11-15,M,GBR
1981502,Saso BOSKAN,2002-12-12,M,SLO
1981469,Neza KLANCAR,2000-02-19,F,SLO
1981397,Mariam SHEIKHALIZADEHKHANGHAH,2004-07-18,F,AZE
1978106,Belly-Cresus GANIRA,2000-03-25,M,BDI
1977782,Noe PONTI,2001-06-01,M,SUI
1977754,Roman MITYUKOV,2000-07-30,M,SUI
1977730,Lisa MAMIE,1998-10-27,F,SUI
1977618,Lois Eliora IRISHURA,2010-04-15,F,BDI
1977314,Oscar Cyusa PEYRE MITILLA,2005-04-27,M,RWA
1977192,Lynn EL HAJJ,2007-03-05,F,LBN
1977174,Simon DOUEIHY,2002-05-24,M,LBN
1977128,Omar ABBAS,1999-03-02,M,SYR
1976496,Antonio DJAKOVIC,2002-10-08,M,SUI
1976490,Jeremy DESPLANCHES,1994-08-07,M,SUI
1976455,Thierry BOLLIN,2000-01-11,M,SUI
1975982,Maxine EGNER,2004-07-12,F,BOT
1975948,Duana LAMA,2006-07-14,F,NEP
1975829,Kayla SANCHEZ,2001-04-07,F,PHI
1975826,Jarod HATCH,1998-12-10,M,PHI
1973564,Adrian ROBINSON,2000-04-11,M,BOT
1972569,Renzo TJON-A-JOE,1995-07-08,M,NED
1972550,Kai van WESTERING,2003-10-11,M,NED
1972549,Kenzo SIMONS,2001-04-13,M,NED
1972546,Arno KAMMINGA,1995-10-22,M,NED
1972545,Caspar CORBEAU,2001-04-03,M,NED
1972543,Sean NIEWOLD,2002-04-20,M,NED
1972542,Nyls KORSTANJE,1999-02-05,M,NED
1972527,Tessa GIELE,2002-11-01,F,NED
1972526,Kira TOUSSAINT,1994-05-22,F,NED
1972525,Tes SCHOUTEN,2000-12-31,F,NED
1972524,Valerie van ROON,1998-08-13,F,NED
1972523,Maaike de WAARD,1996-10-11,F,NED
1972522,Marrit STEENBERGEN,2000-01-11,F,NED
1972519,Kim BUSCH,1998-06-16,F,NED
1972347,Ramil VALIZADA,2004-02-16,M,AZE
1972007,Ovesh PURAHOO,2001-08-13,M,MRI
1971438,Kalia ANTONIOU,2000-04-06,F,CYP
1971368,Nikolas ANTONIOU,2004-01-20,M,CYP
1968222,Ganga SENAVIRATHNE,2003-05-27,F,SRI
1968215,Kyle ABEYSINGHE,2000-02-04,M,SRI
1968010,Tomas PERIBONIO AVILA,1996-01-16,M,ECU
1968005,Alexander SHAH,2002-10-29,M,NEP
1968003,Anicka DELGADO,2002-06-13,F,ECU
1967156,Blake TIERNEY,2002-01-10,M,CAN
1967140,Summer McINTOSH,2006-08-18,F,CAN
1967138,Yuri KISIL,1995-09-18,M,CAN
1967125,Tristan JANKOVICS,2004-05-10,M,CAN
1967119,Ingrid WILM,1998-06-08,F,CAN
1967108,Rebecca SMITH,2000-03-14,F,CAN
1967105,Sydney PICKREM,1997-05-21,F,CAN
1967104,Kylie MASSE,1996-01-18,F,CAN
1967095,Ella JANSEN,2005-09-01,F,CAN
1967088,Mary-Sophie HARVEY,1999-08-11,F,CAN
1967086,Kelsey WOG,1998-09-19,F,CAN
1967084,Taylor RUCK,2000-05-28,F,CAN
1967074,Sophie ANGUS,1999-03-12,F,CAN
1967069,Josh LIENDO,2002-08-20,M,CAN
1967065,Finlay KNOX,2001-01-08,M,CAN
1967063,Javier ACEVEDO,1998-01-28,M,CAN
1967058,Ilya KHARUN,2005-02-07,M,CAN
1967057,Margaret MAC NEIL,2000-02-26,F,CAN
1966556,Hasan Ali Khaleel AL-ZINKEE,2004-02-14,M,IRQ
1966493,Adele Sodalo Agnes GAITOU,2007-02-06,F,TOG
1966448,Kaiya BROWN,2004-04-17,F,SAM
1966390,Aristote NDOMBE IMPELENGA,2001-09-30,M,COD
1966386,Johann STICKLAND,2003-03-04,M,SAM
1966350,Magnim Jordano DAOU,2004-07-11,M,TOG
1965970,Pedro ROGERY,1998-11-28,M,GBS
1965697,Bernhard Tyler CHRISTIANSON,2001-12-09,M,PAN
1965696,Emily SANTOS SILVA,2005-07-15,F,PAN
1965366,Ariana Southa DIRKZWAGER,2004-02-26,F,LAO
1964497,Nikola GJURETANOVIKJ,2007-11-07,M,MKD
1964314,Nesrine MEDJAHED,1999-08-28,F,ALG
1963898,Joselle MENSAH,2003-09-26,F,GHA
1963896,Jaouad SYOUD,1999-09-17,M,ALG
1963761,Harry STACEY,2000-03-21,M,GHA
1963653,Kyle MICALLEF,2001-06-20,M,MLT
1963639,MATSUMOTO Shiho,2002-04-03,F,JPN
1963638,MATSUYAMA Riku,2001-09-29,M,JPN
1963635,MATSUSHITA Tomoyuki,2005-08-01,M,JPN
1963634,HIRAI Mizuki,2007-03-07,F,JPN
1963633,TANIGUCHI Taku,2001-09-26,M,JPN
1962670,Oumy DIOP,2003-08-29,F,SEN
1962590,Kaylene CORBETT,1999-06-15,F,RSA
1962589,Tatjana SMITH,1997-07-09,F,RSA
1962588,Chad le CLOS,1992-04-12,M,RSA
1962583,Erin GALLAGHER,1998-12-18,F,RSA
1962582,Rebecca MEDER,2002-07-31,F,RSA
1962581,Pieter COETZE,2004-05-13,M,RSA
1962578,Matthew SATES,2003-07-28,M,RSA
1962576,Aimee CANNY,2003-11-21,F,RSA
1962237,Yousuf ALMATROOSHI,2003-06-01,M,UAE
1961995,Antoine de LAPPARENT,2006-02-19,M,CAM
1956919,Mashael Meshari A ALAYED,2006-12-18,F,KSA
1956886,Zaid Faisal M ALSARRAJ,2007-11-20,M,KSA
1956469,Adam PEATY,1994-12-28,M,GBR
1955157,Micah MASEI,1999-03-22,M,ASA
1954866,Africa ZAMORANO SANZ,1998-01-11,F,ESP
1954865,Carmen WEILER SASTRE,2004-10-25,F,ESP
1954863,Jessica VALL MONTERO,1988-11-22,F,ESP
1954849,Mario MOLLA YANES,2002-04-13,M,ESP
1954838,Hugo GONZALEZ de OLIVEIRA,1999-02-19,M,ESP
1954837,Arbidel GONZALEZ ALVAREZ,2002-08-31,M,ESP
1954830,Sergio de CELIS MONTALBAN,2000-01-18,M,ESP
1954824,Emma CARRASCO CADENS,2005-12-31,F,ESP
1954821,Laura CABANES GARZAS,2006-01-03,F,ESP
1954571,Georgia DAMASIOTI,2003-07-02,F,GRE
1954570,Apostolos PAPASTAMOS,2001-03-20,M,GRE
1954564,Dimitrios MARKOS,2001-09-13,M,GRE
1954563,Stergios Marios BILAS,2001-11-21,M,GRE
1954562,Apostolos SISKOS,2005-06-24,M,GRE
1954561,Evangelos MAKRYGIANNIS,2000-06-18,M,GRE
1954560,Theodora DRAKOU,1992-02-06,F,GRE
1954558,Anna NTOUNTOUNAKI,1995-09-09,F,GRE
1954557,Apostolos CHRISTOU,1996-11-01,M,GRE
1954556,Kristian GKOLOMEEV,1993-07-04,M,GRE
1954382,Nicolas ALBIERO,1999-06-08,M,BRA
1954371,Maria Fernanda COSTA,2002-09-05,F,BRA
1954370,Marcelo CHIERIGHINI,1991-01-15,M,BRA
1954358,Kayky MOTA,1999-04-22,M,BRA
1954343,Guilherme SANTOS,2003-03-01,M,BRA
1954319,Eduardo OLIVEIRA de MORAES,2001-07-02,M,BRA
1953914,Lucero MEJIA,2007-10-17,F,GUA
1953912,Erick GORDILLO,1999-10-05,M,GUA
1953074,Valerie Rose TARAZI,1999-10-09,F,PLE
1953072,Yazan AL BAWWAB,1999-10-30,M,PLE
1951602,Gabrielle RONCATTO,1998-07-19,F,BRA
1951597,Beatriz DIZOTTI,2000-04-13,F,BRA
1950067,Troy NISBETT,2009-01-06,M,SKN
1949944,Grace Manuela NGUELO'O MABEU,2005-11-08,F,CMR
1949941,Gerald HERNANDEZ,2004-10-27,M,NCA
1949934,Maria Victoria SCHUTZMEIER,1999-10-29,F,NCA
1949900,Giorgio Ar. NGUICHIE KAMSEU KAMOGNE,2007-07-27,M,CMR
1949860,Higinio NDONG OBAMA,1998-09-19,M,GEQ
1949775,Kotryna TETEREVKOVA,2002-01-23,F,LTU
1949732,Joao COSTA,2001-08-06,M,POR
1949731,Andrius SIDLAUSKAS,1997-04-06,M,LTU
1949727,Aleksas SAVICKAS,2003-01-13,M,LTU
1949673,Danas RAPSYS,1995-05-21,M,LTU
1949669,Miguel NASCIMENTO,1995-01-19,M,POR
1949654,Diogo MATOS RIBEIRO,2004-10-27,M,POR
1949652,Camila REBELO,2003-02-03,F,POR
1949540,Ruta MEILUTYTE,1997-03-19,F,LTU
1949477,Olamide SAM,1999-12-04,F,SLE
1949301,Velimir STJEPANOVIC,1993-08-07,M,SRB
1949294,Andrej BARNA,1998-03-06,M,SRB
1949290,Anja CREVAR,2000-05-24,F,SRB
1947136,Daniils BOBROVS,1997-10-08,M,LAT
1947134,Ieva MALUKA,2003-04-09,F,LAT
1946236,William Campbell PETRIC,2004-08-03,M,AUS
1946235,William YANG,1998-10-11,M,AUS
1946231,Thomas NEILL,2002-06-09,M,AUS
1946227,Shayna JACK,1998-11-06,F,AUS
1946225,Se-Bom LEE,2001-06-12,M,AUS
1946224,Sam WILLIAMSON,1997-12-19,M,AUS
1946223,Samuel SHORT,2003-09-17,M,AUS
1946218,Mollie O'CALLAGHAN,2004-04-02,F,AUS
1946212,Meg HARRIS,2002-03-07,F,AUS
1946211,Maximillian GIULIANI,2003-07-03,M,AUS
1946209,Matthew TEMPLE,1999-06-20,M,AUS
1946201,Lani PALLISTER,2002-06-06,F,AUS
1946200,Kyle CHALMERS,1998-06-25,M,AUS
1946198,Kaylee McKEOWN,2001-07-12,F,AUS
1946195,Joshua YONG,2001-07-24,M,AUS
1946190,Jenna STRAUCH,1997-03-24,F,AUS
1946189,Jenna FORRESTER,2003-06-14,F,AUS
1946188,Jamie PERKINS,2005-01-19,F,AUS
1946187,Jaclyn BARCLAY,2006-12-27,F,AUS
1946185,Zac STUBBLETY-COOK,1999-01-04,M,AUS
1946184,Isaac COOPER,2004-01-07,M,AUS
1946183,Iona ANDERSON,2005-10-03,F,AUS
1946177,Emma McKEON,1994-05-24,F,AUS
1946174,Ella RAMSAY,2004-07-12,F,AUS
1946173,Elizabeth DEKKERS,2004-05-06,F,AUS
1946172,Elijah WINNINGTON,2000-05-05,M,AUS
1946161,Cameron McEVOY,1994-05-13,M,AUS
1946156,Brendon SMITH,2000-07-04,M,AUS
1946155,Bradley WOODWARD,1998-07-05,M,AUS
1946153,Ben ARMBRUSTER,2002-05-10,M,AUS
1946150,Ariarne TITMUS,2000-09-07,F,AUS
1946146,Alexandria PERKINS,2000-07-27,F,AUS
1946143,Abbey Lee CONNOR,2005-04-21,F,AUS
1945223,LIU Yaxin,1999-06-16,F,CHN
1945214,YE Shiwen,1996-03-01,F,CHN
1945208,CHEN Luying,2006-11-11,F,CHN
1945206,WU Qingfeng,2003-01-28,F,CHN
1945202,WAN Letian,2004-08-12,F,CHN
1945201,YANG Chang,2001-09-16,F,CHN
1945200,TANG Qianting,2004-03-14,F,CHN
1945186,WANG Shun,1994-02-11,M,CHN
1945169,LI Bingjie,2002-03-03,F,CHN
1945166,PENG Xuwei,2003-01-15,F,CHN
1945164,YU Yiting,2005-09-05,F,CHN
1945161,GAO Weizhong,2008-03-18,F,CHN
1945159,YANG Junxuan,2002-01-26,F,CHN
1945157,WANG Xueer,1998-01-15,F,CHN
1945150,FEI Liwei,2003-03-12,M,CHN
1945149,WANG Changhao,2002-08-01,M,CHN
1945148,PAN Zhanle,2004-08-04,M,CHN
1945146,ZHANG Zhanshuo,2007-05-14,M,CHN
1945144,JI Xinjie,1997-10-27,M,CHN
1945141,DONG Zhihao,2005-03-31,M,CHN
1945134,WANG Haoyu,2005-07-27,M,CHN
1945132,XU Jiayu,1995-08-19,M,CHN
1945128,QIN Haiyang,1999-05-17,M,CHN
1945127,SUN Jiajun,2000-08-01,M,CHN
1945125,ZHANG Yufei,1998-04-19,F,CHN
1944821,Noelani Malia DAY,2003-04-24,F,TGA
1944802,Alan Koti Lopeti UHI,2005-10-16,M,TGA
1944157,Joaquin VARGAS,2002-02-19,M,PER
1944115,McKenna de BEVER,1996-06-05,F,PER
1944110,Javier NUNEZ,2007-04-04,M,DOM
1944095,Elizabeth JIMENEZ,2006-02-09,F,DOM
1944073,Florine GASPARD,2001-12-28,F,BEL
1942214,Sasha GATT,2005-06-22,F,MLT
1940014,Erika FAIRWEATHER,2003-12-31,F,NZL
1940010,Cameron GRAY,2003-08-13,M,NZL
1940004,Lewis CLAREBURT,1999-07-04,M,NZL
1940003,Eve THOMAS,2001-02-09,F,NZL
1939993,Kane FOLLOWS,1997-05-27,M,NZL
1939992,Taiko TOREPE-ORMSBY,2003-08-16,M,NZL
1939990,Vanessa Hazel OUWEHAND,1999-12-30,F,NZL
1939081,Aaron Ghebre OWUSU,2006-10-13,M,ERI
1938941,Christina RACH,2007-09-25,F,ERI
1937589,Jovan LEKIC,2003-09-29,M,BIH
1937328,Lana PUDAR,2006-01-19,F,BIH
1936257,Georgia-Leigh VELE,1998-12-11,F,PNG
1936247,Josh TARERE,2000-01-31,M,PNG
1936119,Chloe FARRO,2003-06-19,F,ARU
1936004,Luke WHITLOCK,2006-03-08,M,USA
1936001,Emma WEYANT,2001-12-24,F,USA
1936000,Claire WEINSTEIN,2007-03-01,F,USA
1935999,Emma WEBER,2004-01-13,F,USA
1935998,Gretchen WALSH,2003-01-29,F,USA
1935997,Alex WALSH,2001-07-31,F,USA
1935996,Luca URLANDO,2002-03-16,M,USA
1935992,Charlie SWANSON,1998-02-20,M,USA
1935984,Regan SMITH,2002-02-09,F,USA
1935982,Kieran SMITH,2000-05-20,M,USA
1935979,Alex SHACKELL,2006-11-13,F,USA
1935978,Aaron SHACKELL,2004-09-08,M,USA
1935957,Ryan MURPHY,1995-07-02,M,USA
1935947,Josh MATHENY,2002-10-16,M,USA
1935945,Simone MANUEL,1996-08-02,F,USA
1935943,Paige MADDEN,1998-10-22,F,USA
1935938,Katie LEDECKY,1997-03-17,F,USA
1935932,Lilly KING,1997-02-10,F,USA
1935929,Chase KALISZ,1994-03-07,M,USA
1935928,Keaton JONES,2004-10-13,M,USA
1935927,David JOHNSTON,2001-10-28,M,USA
1935923,Torri HUSKE,2002-12-07,F,USA
1935918,Luke HOBSON,2003-06-25,M,USA
1935915,Thomas HEILMAN,2007-02-07,M,USA
1935911,Chris GUILIANO,2003-06-25,M,USA
1935907,Erin GEMMELL,2004-12-02,F,USA
1935903,Carson FOSTER,2001-10-26,M,USA
1935902,Bobby FINKE,1999-11-06,M,USA
1935901,Nic FINK,1993-07-03,M,USA
1935900,Matt FALLON,2002-10-03,M,USA
1935896,Caeleb DRESSEL,1996-08-16,M,USA
1935895,Kate DOUGLASS,2001-11-17,F,USA
1935882,Shaine CASAS,1999-12-25,M,USA
1935873,Katharine BERKOFF,2001-01-28,F,USA
1935872,Phoebe BACON,2002-08-12,F,USA
1935871,Hunter ARMSTRONG,2001-01-24,M,USA
1935869,Jack ALEXY,2003-01-19,M,USA
1935138,Gloria Anna MUZITO,2002-11-29,F,UGA
1935135,Jesse Ssuubi SSENGONZI,2002-08-27,M,UGA
1933497,Xeniya IGNATOVA,2005-08-02,F,KAZ
1933496,Adilbek MUSSIN,1999-10-04,M,KAZ
1932735,Denilson CYPRIANOS,2002-10-07,M,ZIM
1932660,Lina Alemayehu SELO,2000-10-08,F,ETH
1932534,Paige van der WESTHUIZEN,2003-04-23,F,ZIM
1931161,Joe KURNIAWAN,2001-08-02,M,INA
1931160,Sangay TENZIN,2003-09-07,M,BHU
1930539,Alexandre GRAND'PIERRE,2003-01-22,M,HAI
1929708,Esteban NUNEZ del PRADO,2004-06-02,M,BOL
1929606,Maria Jose RIBERA,1996-10-28,F,BOL
1929297,Tracy Marine ANDET,2005-10-04,F,CAF
1929225,Terence TENGUE,2005-10-26,M,CAF
1928919,Anton McKEE,1993-12-18,M,ISL
1928902,Snaefridur Sol JORUNNARDOTTIR,2000-10-31,F,ISL
1928793,Lara DASHTI,2004-01-24,F,KUW
1928778,Mohamad ZUBAID,2008-03-30,M,KUW
1927686,Jana PAVALIC,2007-05-27,F,CRO
1927685,Nikola MILJENIC,1998-05-19,M,CRO
1927227,Dulyawat KAEWSRIYONG,2002-08-13,M,THA
1927209,Jenjira SRISA - ARD,1995-04-16,F,THA
1926082,Damien SHAMAMBO,2003-08-19,M,ZAM
1926078,Mia PHIRI,2003-05-05,F,ZAM
1925883,Julio HORREGO,1998-10-08,M,HON
1925873,Julimar AVILA MANCIA,1997-01-21,F,HON
1925793,Margherita PANZIERA,1995-08-12,F,ITA
1925785,Francesca FANGIO,1995-08-17,F,ITA
1925728,Sara CURTIS,2006-08-19,F,ITA
1925725,Costanza COCCONCELLI,2002-01-26,F,ITA
1925721,Lisa ANGIOLINI,1995-06-29,F,ITA
1925692,Ludovico Blu Art VIBERTI,2002-02-08,M,ITA
1925691,Matteo RESTIVO,1994-11-04,M,ITA
1925690,Alessandro RAGAINI,2006-08-02,M,ITA
1925686,Filippo MEGLI,1997-05-10,M,ITA
1925684,Michele LAMBERTI,2000-11-03,M,ITA
1925683,Matteo LAMBERTI,1999-03-24,M,ITA
1925681,Leonardo DEPLANO,1999-07-21,M,ITA
1925678,Marco de TULLIO,2000-09-21,M,ITA
1925677,Luca de TULLIO,2003-09-21,M,ITA
1925671,Giacomo CARINI,1997-07-02,M,ITA
1925669,Lorenzo ZAZZERI,1994-08-09,M,ITA
1925668,Sara FRANCESCHI,1999-02-01,F,ITA
1925638,Benedetta PILATO,2005-01-18,F,ITA
1925637,Alberto RAZZETTI,1999-06-02,M,ITA
1925636,Alessandro MIRESSI,1998-10-02,M,ITA
1925635,Thomas CECCON,2001-01-27,M,ITA
1925633,Nicolo MARTINENGHI,1999-08-01,M,ITA
1925632,Simona QUADARELLA,1998-12-18,F,ITA
1925255,Aynura PRIMOVA,2006-09-02,F,TKM
1925130,CHEUNG Sum Yuet Cindy,2006-08-09,F,HKG
1925125,HAUGHEY Siobhan Bernadette,1997-10-31,F,HKG
1925121,HO Ian Yentou,1997-04-25,M,HKG
1924941,Tilly COLLYMORE,2007-11-27,F,GRN
1922424,Kregor ZIRK,1999-07-03,M,EST
1922117,Eneli JEFIMOVA,2006-12-27,F,EST
1918140,Josh KIRLEW,1999-09-09,M,JAM
1918126,Sabrina LYN,2004-04-26,F,JAM
1917898,Jonathan RAHARVEL,2002-04-24,M,MAD
1917365,Warren Adam LAWRENCE,2003-05-14,M,DMA
1917121,Jasmine SCHOFIELD,2005-11-14,F,DMA
1915815,Artur BARSEGHYAN,2002-03-29,M,ARM
1915759,Varsenik MANUCHARYAN,2003-07-11,F,ARM
1915343,Roos VANOTTERDIJK,2005-01-07,F,BEL
1913167,Zeke CHAN,2007-08-30,M,BRU
1913152,Dylan CARTER,1996-01-01,M,TTO
1913149,Zuri FERGUSON,2007-03-01,F,TTO
1913028,Anthony RINCON VELASCO,2001-04-20,M,COL
1912817,Nicole FRANK,2003-09-08,F,URU
1912804,Leo NOLLES,2003-04-12,M,URU
1911520,Tamara POTOCKA,2002-08-15,F,SVK
1911515,Matej DUSA,2000-07-10,M,SVK
1911391,Maria Victoria YEGRES COTTIN,2005-11-23,F,VEN
1911221,Alberto MESTRE,1999-02-10,M,VEN
1911100,Alexis Michel Roger Dodji KPADE,2005-11-11,M,BEN
1911048,Ionnah Eliane DOUILLET,2007-11-28,F,BEN
1909703,Gabor ZOMBORI,2002-10-08,M,HUN
1909689,Collins SALIBOKO,2002-04-09,M,TAN
1909438,Adam TELEGDY,1995-11-01,M,HUN
1909330,Matti MATTSSON,1993-10-05,M,FIN
1909318,Ida HULKKO,1998-12-12,F,FIN
1909311,Mewen TOMAC,2001-09-11,M,FRA
1909307,Clement SECCHI,2000-05-04,M,FRA
1909299,Yohann NDOYE-BROUARD,2000-11-29,M,FRA
1909294,Leon MARCHAND,2002-05-17,M,FRA
1909292,Florent MANAUDOU,1990-11-12,M,FRA
1909289,Damien JOLY,1992-06-04,M,FRA
1909284,Maxime GROUSSET,1999-04-24,M,FRA
1909278,Rafael FENTE--DAMERS,2006-10-17,M,FRA
1909269,Pacome BRICOUT,2005-02-05,M,FRA
1909261,David AUBRY,1996-11-08,M,FRA
1909259,Marie WATTEL,1997-06-02,F,FRA
1909252,Emma TEREBO,1998-07-10,F,FRA
1909238,Pauline MAHIEU,1999-03-13,F,FRA
1909233,Melanie HENIQUE,1992-12-22,F,FRA
1909231,Beryl GASTALDELLO,1995-02-16,F,FRA
1909216,Charlotte BONNET,1995-02-14,F,FRA
1909209,Anastasiia KIRPICHNIKOVA,2000-06-24,F,FRA
1909185,Szebasztian SZABO,1996-03-11,M,HUN
1909158,Eszter SZABO-FELTOTHY,2002-01-04,F,HUN
1909132,Petra SENANSZKY,1994-01-10,F,HUN
1909049,Dalma SEBESTYEN,1997-01-23,F,HUN
1909046,Anishta TEELUCK,2001-05-07,F,MRI
1909041,Zalan SARKANY,2003-10-15,M,HUN
1908978,Jehanara NABI,2004-07-14,F,PAK
1908975,Sophia LATIFF,2006-12-24,F,TAN
1908816,Hayley WONG,2008-05-13,F,BRU
1908610,Marouane MAMANE HAMISSOU ABBA,2009-01-21,M,NIG
1908609,Salima AHMADOU YOUSSOUFOU,2003-10-21,F,NIG
1908548,Alfonso Enrique MESTRE VIVAS,2001-09-24,M,VEN
1908304,Rhanishka GIBBS,2006-04-19,F,BAH
1908292,Lamar TAYLOR,2003-06-21,M,BAH
1907285,Kaii WINKLER,2006-03-27,M,GER
1907240,Ole BRAUNSCHWEIG,1997-11-15,M,GER
1907220,Artem SELIN,2002-05-21,M,GER
1907219,Melvin IMOUDU,1999-01-27,M,GER
1907199,Cedric BUESSING,2003-10-17,M,GER
1907193,Lucas MATZERATH,2000-05-03,M,GER
1907192,Lukas MAERTENS,2001-12-27,M,GER
1907190,Anna ELENDT,2001-09-04,F,GER
1907187,Sven SCHWARZ,2002-01-31,M,GER
1907186,Josha SALCHOW,1999-07-02,M,GER
1907184,Rafael MIROSLAW,2001-03-25,M,GER
1907183,Angelina KOEHLER,2000-11-12,F,GER
1907178,Marek ULRICH,1997-01-12,M,GER
1907174,Julia MROZINSKI,2000-02-16,F,GER
1907171,Isabel GOSE,2002-05-09,F,GER
1906372,Nandor NEMETH,1999-11-19,M,HUN
1906348,Dora MOLNAR,2006-06-29,F,HUN
1905860,Kristof MILAK,2000-02-20,M,HUN
1905760,Richard MARTON,1999-10-07,M,HUN
1905284,Henrique MASCARENHAS,2001-06-21,M,ANG
1905185,Lia LIMA,2001-09-09,F,ANG
1904977,Hubert KOS,2003-03-28,M,HUN
1904727,Ajna KESELY,2001-09-10,F,HUN
1904724,Boglarka KAPAS,1993-04-22,F,HUN
1903630,Abbie WOOD,1999-03-02,F,GBR
1903628,James WILBY,1993-11-12,M,GBR
1903627,Jacob Henry WHITTLE,2004-09-25,M,GBR
1903624,Laura STEPHENS,1999-06-02,F,GBR
1903622,Katie SHANAHAN,2004-06-25,F,GBR
1903621,Duncan SCOTT,1997-05-06,M,GBR
1903617,Matthew RICHARDS,2002-12-17,M,GBR
1903616,Benjamin PROUD,1994-09-21,M,GBR
1903608,Oliver MORGAN,2003-06-11,M,GBR
1903600,Keanna Louise MACINNES,2001-08-19,F,GBR
1903591,Daniel JERVIS,1996-06-09,M,GBR
1903557,Anna HOPKIN,1996-04-24,F,GBR
1903554,Medi Eira HARRIS,2002-09-15,F,GBR
1903552,James GUY,1995-11-26,M,GBR
1903546,Tom DEAN,2000-05-02,M,GBR
1903545,Kathleen DAWSON,1997-10-03,F,GBR
1903541,Freya Constance COLBERT,2004-03-08,F,GBR
1903540,Alexander COHOON,2002-09-17,M,GBR
1903531,Kieran BIRD,1999-09-02,M,GBR
1902960,Adam JASZO,2002-07-05,M,HUN
1902950,Vivien JACKL,2008-10-17,F,HUN
1902843,Balazs HOLLO,1999-02-10,M,HUN
1902417,Lilla Minna ABRAHAM,2006-03-23,F,HUN
1902110,Elizaveta PECHERSKIKH,2004-08-25,F,KGZ
1901663,LEE Juho,1995-01-23,M,KOR
1901656,LEE Eunji,2006-07-23,F,KOR
1901642,KIM Seoyeong,1994-03-17,F,KOR
1901637,KIM Minseo,2004-03-18,M,KOR
1901619,JI Yuchan,2002-08-24,M,KOR
1901612,HWANG Sunwoo,2003-05-21,M,KOR
1901602,CHOI Dongyeol,1999-05-01,M,KOR
1901601,CHO Sung Jae,2001-03-13,M,KOR
1901377,Joshua WYSE,2001-03-24,M,SLE
1901276,Jack HARVEY,2003-05-06,M,BER
1897369,Tomer FRANKEL,2000-10-18,M,ISR
1897365,Ron POLONSKY,2001-03-28,M,ISR
1897363,Meiron Amir CHERUTI,1997-10-19,M,ISR
1897362,Martin KARTAVI,2004-03-09,M,ISR
1897360,Lea POLONSKY,2002-05-25,F,ISR
1897357,Gal COHEN GROUMI,2002-04-22,M,ISR
1897354,Denis LOKTEV,2000-04-06,M,ISR
1897353,David GERCHIK,2001-02-20,M,ISR
1897309,Anastasia GORBENKO,2003-08-07,F,ISR
1897305,Aviv BARZELAY,2002-05-28,F,ISR
1897298,Adam MARAANA,2003-07-07,M,ISR
1897138,Mst Sonia KHATUN,1999-09-10,F,BAN
1897115,Abdulaziz AL-OBAIDLY,2001-09-28,M,QAT
1895507,Lucas HENVEAUX,2000-09-25,M,BEL
1895501,Valentine DUMONT,2000-07-02,F,BEL
1895300,Barbora SEEMANOVA,2000-04-01,F,CZE
1895297,Miroslav KNEDLA,2005-07-18,M,CZE
1895294,Kristyna HORSKA,1997-09-30,F,CZE
1895293,Daniel GRACIK,2004-10-15,M,CZE
1894567,Matin BALSINI,2001-02-19,M,EOR
1894532,Alaa MASO,2000-01-01,M,EOR
1893557,Souleymane NAPARE,2003-03-31,M,BUR
1893085,Thea BLOMSTERBERG,2002-01-09,F,DEN
1893076,Julie Kepp JENSEN,2000-01-03,F,DEN
1893073,Helena Rosendahl BACH,2000-06-12,F,DEN
1892179,Loris BIANCHI,2001-08-01,M,SMR
1891833,Milos MILENKOVIC,2005-07-12,M,MNE
1891827,Jovana KULJACA,2004-05-06,F,MNE
1891658,SETO Daiya,1994-05-24,M,JPN
1891656,WATANABE Ippei,1997-03-18,M,JPN
1891652,MATSUMOTO Katsuhiro,1997-02-28,M,JPN
1891648,MIZUNUMA Naoki,1996-12-13,M,JPN
1891646,HONDA Tomoru,2001-12-31,M,JPN
1891644,KOBORI Waka,2000-08-10,F,JPN
1891640,AOKI Reona,1995-02-24,F,JPN
1891638,OHASHI Yui,1995-10-18,F,JPN
1891636,TANIGAWA Ageha,2003-06-15,F,JPN
1891630,SUZUKI Satomi,1991-01-29,F,JPN
1891628,IKEE Rikako,2000-07-04,F,JPN
1891624,NARITA Mio,2006-12-18,F,JPN
1891622,HANAGURUMA Yu,2000-01-28,M,JPN
1891613,TERAKADO Genki,2003-01-06,M,JPN
1891610,MAKINO Hiroko,1999-08-20,F,JPN
1891608,TAKEHARA Hidekazu,2004-04-27,M,JPN
1891606,MITSUI Airi,2004-06-12,F,JPN
1891471,Marwan ELKAMASH,1993-11-14,M,EGY
1891459,Lojine ABDALLA SALAH,2004-11-23,F,EGY
1888113,Iman KOURAOGO,2006-05-09,F,BUR
1888104,Pavel ALOVATKI,2003-10-31,M,MDA
1888092,Tatiana SALCUTAN,2001-04-16,F,MDA
1887964,Berke SAKA,2003-07-09,M,TUR
1887952,Berkay OGRETIR,1998-02-16,M,TUR
1887755,Enkhtamir BATBAYAR,2004-09-27,M,MGL
1887748,WANG Kuan-Hung,2002-01-23,M,TPE
1887548,David YOUNG,2005-03-23,M,FIJ
1880428,Ridhwan Abubakar Bwana MOHAMED,2000-08-15,M,KEN
1880416,Maria BRUNLEHNER,2000-04-01,F,KEN
1879516,Dominika SZTANDERA,1997-01-19,F,POL
1879515,Kornelia FIEDKIEWICZ,2001-08-05,F,POL
1879505,Michal CHMIELEWSKI,2004-06-08,M,POL
1879504,Krzysztof CHMIELEWSKI,2004-06-08,M,POL
1879483,Piotr LUDWICZAK,1996-05-01,M,POL
1879467,Katarzyna WASICK,1992-03-22,F,POL
1879464,Jakub MAJERSKI,2000-08-18,M,POL
1879462,Adela PISKORSKA,2003-11-16,F,POL
1879454,Laura BERNAT,2005-09-28,F,POL
1879371,Jan KALUSOWSKI,2000-03-12,M,POL
1879357,Ksawery MASIUK,2004-12-17,M,POL
1878615,Jon JOENTVEDT,2003-07-28,M,NOR
1878613,Nicholas LIA,2001-02-13,M,NOR
1678091,Lanihei CONNOLLY,2005-12-30,F,COK
1572560,Rana SAADELDIN,2008-08-04,F,SUD
1572557,Sarah SJOESTROEM,1993-08-17,F,SWE
1572556,Bjoern SEELIGER,2000-01-11,M,SWE
1572555,Erik PERSSON,1994-01-12,M,SWE
1572549,Louise HANSSON,1996-11-24,F,SWE
1572548,Sophie HANSSON,1998-08-02,F,SWE
1572544,Michelle COLEMAN,1993-10-31,F,SWE
1572512,Ziyad SALEEM,2003-03-24,M,SUD
1572369,Denis PETRASHOV,2000-02-01,M,KGZ
1571367,Celina MARQUEZ,1999-07-16,F,ESA
1571355,Nixon HERNANDEZ,1997-10-08,M,ESA
1570605,Ralph DALEIDEN CIUFERRI,2003-03-25,M,LUX
1569571,Ching Hwee GAN,2003-07-22,F,SGP
1568430,Ana NIZHARADZE,2008-10-19,F,GEO
1568334,Noe PANSTKHAVA,2006-03-13,M,GEO
1568270,Thi My Tien VO,2005-10-29,F,VIE
1566573,Yuri HOSEI,2005-05-20,F,PLW
1565898,Karin BELBEISI,2008-12-21,F,JOR
1565853,Amro AL-WIR,2001-01-23,M,JOR
1565232,Irvin HOOST,1999-04-19,M,SUR
1565166,Bernhard REITSHAMMER,1994-06-17,M,AUT
1565161,Lena KREUNDL,1997-09-19,F,AUT
1565154,Martin ESPERNBERGER,2003-12-20,M,AUT
1565150,Simon BUCHER,2000-05-23,M,AUT
1564799,Adaku NWANDU,2007-09-29,F,NGR
1564770,Enkhkhuslen BATBAYAR,2001-12-14,F,MGL
1564334,Aishath Ulya SHAIG,2002-10-19,F,MDV
1563667,Jayla PINA,2004-07-23,F,CPV
1563611,Gabriela GEORGIEVA,1997-06-16,F,BUL
1563607,Lyubomir EPITROPOV,1999-04-27,M,BUL
1563605,Josif MILADINOV,2003-06-23,M,BUL
1563489,Petar Petrov MITSIN,2005-08-19,M,BUL
1563424,Imane Houda EL BARODI,2001-02-21,F,MAR
1563393,Ilias EL FALLAKI,2006-02-05,M,MAR
1563125,Grisi KOXHAKU,2006-03-24,M,ALB
1563079,Kaltra MECA,2008-03-26,F,ALB
1562729,Jack KIRBY,2000-07-24,M,BAR
1562121,Anahira McCUTCHEON,2009-10-05,F,FIJ
1559158,Aichata DIABATE,2005-08-28,F,MLI
1558933,Alexien KOUMA,2005-02-08,M,MLI
1556403,Kestra KIHLENG,2003-08-12,F,FSM
1556094,Oleksandr ZHELTIAKOV,2005-11-15,M,UKR
1556093,Denys KESIL,2000-10-26,M,UKR
1556092,Vladyslav BUKHOV,2002-07-05,M,UKR
1556091,Mykhailo ROMANCHUK,1996-08-07,M,UKR
1556089,Fahim ANWARI,1999-05-05,M,AFG
1556067,Mek ALMUKHTAR,2006-09-03,F,LBA
1555550,Ellie SHAW,2008-08-10,F,ANT
1555542,Jadon WUILLIEZ,2002-06-13,M,ANT
1555512,Kristel KOBRICH,1985-08-09,F,CHI
1555510,Eduardo CISTERNAS,2004-01-10,M,CHI
1552558,Theo DRUENNE,2005-07-19,M,MON
1552338,Denise DONELLI,1996-05-20,F,MOZ
1552320,Matthew LAWRENCE,2003-12-27,M,MOZ
1552057,Simon BACHMANN,1999-02-17,M,SEY
1551246,Hana BEIQI,2008-09-28,F,KOS
1550831,Zackary GRESHAM,2004-09-29,M,GRN
1550327,Hoe Yean KHIEW,2002-09-02,M,MAS
1550221,Tasi LIMTIACO,1994-01-04,M,FSM
1549971,Kristen Elena ROMANO,1999-09-24,F,PUR
1549970,Yeziel MORALES,1996-01-16,M,PUR
1548409,Alberto VEGA,2005-04-05,M,CRC
1548402,Alondra ORTIZ,2002-08-18,F,CRC
1547131,Dhinidhi DESINGHU,2010-05-17,F,IND
1547098,Srihari NATARAJ,2001-01-16,M,IND
1546122,Ilya SIBIRTSEV,2001-04-28,M,UZB
1546055,Danielle HILL,1999-09-27,F,IRL
1545944,Ousman JOBE,2005-11-27,M,GAM
1545882,Matheo MATEOS,2000-11-10,M,PAR
1545856,Luana ALONSO,2004-03-19,F,PAR
1545058,Huy Hoang NGUYEN,2000-07-10,M,VIE
1544392,Musa ZHALAYEV,2003-05-15,M,TKM
1544228,Maximillian WILSON,2004-04-28,M,ISV
1544148,Aminata Nia-Maria BARROW,2004-01-02,F,GAM
1544098,Natalia Jean KUIPERS,2002-06-13,F,ISV
1543950,Hayley HOY,2008-03-01,F,SWZ
1543884,Tayamika CHANGANAMUNO,2000-07-01,F,MAW
1543554,Vlad Stefan STANCU,2005-08-13,M,ROU
1543549,David POPOVICI,2004-09-15,M,ROU
1543540,Rebecca-Aimee DIACONESCU,2006-04-24,F,ROU
1543513,Stefania GOMEZ HURTADO,2004-04-12,F,COL
1543305,Ellen WALSHE,2001-09-29,F,IRL
1543304,Mona Mc SHARRY,2000-08-21,F,IRL
1543302,Thomas FANNON,1998-05-20,M,IRL
1543093,Saud GHALI,2004-08-17,M,BRN
1543080,Amani ALOBAIDLI,2006-01-14,F,BRN
1543054,Samiul Islam RAFI,2004-10-12,M,BAN
1542963,Loane RUSSET,2005-11-26,F,VAN
1542961,Johnathan SILAS,2002-08-12,M,VAN
1542385,Yusuf Marwan Abdullah NASSER,2008-05-26,M,YEM
1541773,Fakhriddin MADKAMOV,2000-01-14,M,TJK
1541601,Imelda XIMENES BELO,1998-10-24,F,TLS
1541599,Jolanio GUTERRES,2005-05-12,M,TLS
1541462,Rodolfo FALCON JR,2001-12-26,M,CUB
1541460,Andrea BECALI,2004-04-24,F,CUB
1540829,Ekaterina BORDACHYOVA,2003-05-17,F,TJK
1540691,Mikel SCHREUDERS,1998-09-21,M,ARU
1540190,Emma HARVEY,2001-07-23,F,BER
1540184,Jillian Janis Geohagan CROOKS,2006-06-27,F,CAY
1539532,Aleka Kylela PERSAUD,2006-02-24,F,GUY
1539530,Raekwon Jibril NOEL,2005-12-21,M,GUY
1539412,Filipe GOMES,1997-04-07,M,MAW
1538243,Alex JOACHIM,2003-04-14,M,VIN
1538234,Kennice Aphenie GREENE,2007-07-06,F,VIN
1538153,Anastasiya SHKURDAI,2003-01-03,F,AIN
1538150,Ilya SHYMANOVICH,1994-08-02,M,AIN
1538124,Alina ZMUSHKA,1997-01-05,F,AIN
1538007,Jordan CROOKS,2002-05-02,M,CAY
1537579,Jayhan Jamaud ODLUM-SMITH,2002-01-11,M,LCA
1537465,Ulises SARAVIA,2005-10-27,M,ARG
1537394,Issa Samir Hamed AL ADAWI,1999-03-20,M,OMA
1537273,Phillip KINONO,1997-12-10,M,MHL
1537272,Kayla HEPLER,2002-03-22,F,MHL
1537209,Agostina HEIN,2008-04-24,F,ARG
1537204,Jorge IGA,1997-01-12,M,MEX
1537191,Celia PULIDO ORTIZ,2003-01-01,F,MEX
1537180,Macarena CEBALLOS,1995-01-12,F,ARG
1537002,Vanessa BOBIMBO,1999-12-08,F,CGO
1536997,Freddy MAYALA,2000-06-18,M,CGO
1536175,Naima-Zahra AMISON,2003-10-10,F,DJI
1536157,Adam MPALI,2002-05-29,M,GAB
1535959,Camil DOUA,2002-02-23,M,MTN
1535856,Jonathan Eu Jin TAN,2002-03-11,M,SGP
1535854,En Yi Letitia SIM,2003-03-03,F,SGP
1535609,Samyar ABDOLI,2002-12-25,M,IRI
1535354,Miguel Alejandro de LARA OJEDA,1994-08-09,M,MEX
1533378,Houmed HOUSSEIN BARKAT,2004-04-04,M,DJI
1533209,Maesha SAADI,2007-01-16,F,COM
1539969,Daniel WIFFEN,2001-07-14,M,IRL
1925630,Gregorio PALTRINIERI,1994-09-05,M,ITA
1935909,Katie GRIMES,2006-01-08,F,USA
1878616,Henrik CHRISTIANSEN,1996-10-09,M,NOR
1565147,Felix AUBOECK,1996-12-19,M,AUT
1925804,Ginevra TADDEUCCI,1997-05-03,F,ITA
1907169,Florian WELLBROCK,1997-08-19,M,GER
1945588,Moesha JOHNSON,1997-09-19,F,AUS
1572551,Victor JOHANSSON,1998-09-13,M,SWE
1951604,Guilherme COSTA,1998-10-01,M,BRA
1907234,Oliver KLEMET,2002-03-18,M,GER
1902450,David BETLEHEM,2003-09-04,M,HUN
1907231,Leonie MAERTENS,2004-03-08,F,GER
1954833,Carlos GARACH BENITO,2004-07-25,M,ESP
1941821,Ahmed JAOUADI,2005-05-30,M,TUN
1887960,Emir Batur ALBAYRAK,2007-06-07,M,TUR
1887955,Kuzey TUNCELLI,2007-08-30,M,TUR